"NumTrees","MinNode","Shrinkage","IntDepth","Accuracy","Acc.LCL","Time"
20000,13,0.1,15,0.9180585414255,0.910794926410247,4116.52772212029
20000,14,0.1,15,0.922440879775095,0.917872886009497,4142.67155909538
20000,15,0.1,15,0.918306598313213,0.916935321118067,4302.47125196457
500,5,0.01,15,0.858772945262113,0.853285491425064,117.897462844849
500,6,0.01,15,0.854638663800232,0.847455614843705,118.812167406082
500,7,0.01,15,0.855465520092608,0.853169887737317,118.129305839539
500,8,0.01,15,0.858111460228212,0.853708571598482,117.989009857178
