"NumTrees","MinNode","Shrinkage","IntDepth","Accuracy","Acc.LCL","Time"
16500,9,0.001,13,0.888043658012238,0.880651253289265,19057.0709671974
16500,10,0.001,13,0.888622457416901,0.878712853823784,19423.3348815441
16500,11,0.001,13,0.887795601124525,0.882106357682597,19342.748165369
16500,12,0.001,13,0.887051430461386,0.882821452107423,19298.3084597588
16500,13,0.001,13,0.89077228377708,0.886188876813041,19275.8232059479
16500,14,0.001,13,0.887712915495287,0.884919485154017,19412.2124302387
16500,15,0.001,13,0.889118571192327,0.88198909215692,19161.0054290295
