"NumTrees","MinNode","Shrinkage","IntDepth","Accuracy","Acc.LCL","Time"
17000,9,0.1,15,0.92227550851662,0.920024745569847,3475.01962733269
17000,10,0.1,15,0.920125682156441,0.914883148926031,3487.89806342125
17000,11,0.1,15,0.920291053414916,0.917437092643993,3482.41157722473
17000,12,0.1,15,0.919960310897966,0.919366878045307,3492.35426402092
17000,13,0.1,15,0.918968083347114,0.916643871310872,3468.86491322517
17000,14,0.1,15,0.919050768976352,0.916521757835702,3362.40090751648
17000,15,0.1,15,0.920539110302629,0.915877696761224,3386.28423094749
