"NumTrees","MinNode","Shrinkage","IntDepth","Accuracy","Acc.LCL","Time"
13000,11,0.1,15,0.917562427650074,0.913187644719954,2924.15300655365
13000,12,0.1,15,0.919712254010253,0.912260506242446,2708.10604739189
13000,13,0.1,15,0.920456424673392,0.916028041545209,2701.42072844505
13000,14,0.1,15,0.921035224078055,0.918753932839261,2721.51651883125
13000,15,0.1,15,0.917893170167025,0.912133721352594,2717.79240369797
13500,5,0.1,15,0.923185050438234,0.915993276016766,2732.02647995949
13500,6,0.1,15,0.921862080370432,0.920019505822485,2758.41881561279
