"NumTrees","MinNode","Shrinkage","IntDepth","Accuracy","Acc.LCL","Time"
11000,15,0.01,15,0.91772779890855,0.910606006760625,2471.64687752724
11500,5,0.01,15,0.918637340830164,0.913032831213207,2657.83621525764
11500,6,0.01,15,0.921448652224243,0.916909275488186,2457.72500872612
11500,7,0.01,15,0.919877625268728,0.912981269317024,2456.29154205322
11500,8,0.01,15,0.921862080370432,0.918005191632264,2446.36926007271
11500,9,0.01,15,0.921365966595006,0.918610473527101,2288.23466968536
11500,10,0.01,15,0.9180585414255,0.912386618787149,2233.12115073204
