"NumTrees","MinNode","Shrinkage","IntDepth","Accuracy","Acc.LCL","Time"
12000,12,0.1,15,0.915743343806846,0.912905069736655,2718.26417779922
12000,13,0.1,15,0.92227550851662,0.917720462302465,2580.63341259956
12000,14,0.1,15,0.920704481561105,0.916402961554601,2471.95544719696
12000,15,0.1,15,0.919381511493302,0.914916630191919,2488.95519757271
12500,5,0.1,15,0.918720026459401,0.916904941197181,2483.88774251938
12500,6,0.1,15,0.920787167190342,0.91490175582496,2466.84596991539
12500,7,0.1,15,0.919381511493302,0.911485600223406,2493.30670189857
