"NumTrees","MinNode","Shrinkage","IntDepth","Accuracy","Acc.LCL","Time"
19000,7,0.1,15,0.920539110302629,0.919398075574362,3971.79099559784
19000,8,0.1,15,0.926740532495452,0.925184514705222,3853.37629032135
19000,9,0.1,15,0.918968083347114,0.913029957368769,3888.58672785759
19000,10,0.1,15,0.920704481561105,0.912594180106062,3881.98358392715
19000,11,0.1,15,0.921365966595006,0.912363362224905,3994.84529209137
19000,12,0.1,15,0.91772779890855,0.910820665167577,3916.53537464142
19000,13,0.1,15,0.917066313874649,0.911261890665143,3801.72100758553
