"NumTrees","MinNode","Shrinkage","IntDepth","Accuracy","Acc.LCL","Time"
14000,8,0.001,13,0.883578634033405,0.881048058032133,16254.1373956203
14000,9,0.001,13,0.882503720853316,0.880453592639729,16494.6184132099
14000,10,0.001,13,0.884240119067306,0.879898217418875,16358.4416286945
14000,11,0.001,13,0.884322804696544,0.874674803803234,16566.4250924587
14000,12,0.001,13,0.88481891847197,0.881458465587587,16575.1972157955
14000,13,0.001,13,0.883826690921118,0.87565180725271,16654.6653013229
14000,14,0.001,13,0.884074747808831,0.879261131467572,16670.4658911228
