"NumTrees","MinNode","Shrinkage","IntDepth","Accuracy","Acc.LCL","Time"
19000,9,0.001,11,0.890276170001654,0.886969093345454,3197.12432789803
19000,10,0.001,11,0.88655531668596,0.874268457787822,3158.44284248352
19000,11,0.001,11,0.886389945427485,0.8809307270148,3041.3221180439
19000,12,0.001,11,0.88829171489995,0.879363421623822,3044.71185803413
19000,13,0.001,11,0.888209029270713,0.879309197889803,3064.32765078545
19000,14,0.001,11,0.887630229866049,0.882756096290717,3110.07192111015
19000,15,0.001,11,0.889035885563089,0.885744380212677,3014.09128308296
