"NumTrees","MinNode","Shrinkage","IntDepth","Accuracy","Acc.LCL","Time"
15000,13,0.001,11,0.881594178931702,0.872451711182645,2567.994576931
15000,14,0.001,11,0.881015379527038,0.871713178355925,2531.08078956604
15000,15,0.001,11,0.878782867537622,0.875604702797949,2441.30303525925
15500,5,0.001,11,0.880684637010088,0.873630842049456,2486.44484066963
15500,6,0.001,11,0.882999834628742,0.876508698823091,2469.37923312187
15500,7,0.001,11,0.882090292707127,0.880380852549004,2542.25966978073
15500,8,0.001,11,0.882751777741029,0.881336503987746,2504.25096130371
