"NumTrees","MinNode","Shrinkage","IntDepth","Accuracy","Acc.LCL","Time"
12500,8,0.1,15,0.923350421696709,0.918725585737514,2791.7580177784
12500,9,0.1,15,0.922523565404333,0.920820098146257,2574.25990891457
12500,10,0.1,15,0.91913345460559,0.917917695017882,2566.4518327713
12500,11,0.1,15,0.915991400694559,0.91343550676075,2578.21344304085
12500,12,0.1,15,0.91913345460559,0.916723114773093,2521.55589318275
12500,13,0.1,15,0.9180585414255,0.909721617116442,2542.15867495537
12500,14,0.1,15,0.919712254010253,0.913644139233204,2547.83397340775
