"NumTrees","MinNode","Shrinkage","IntDepth","Accuracy","Acc.LCL","Time"
15500,5,0.1,15,0.919712254010253,0.915229821334556,3371.20760536194
15500,6,0.1,15,0.92227550851662,0.914657273603736,3179.63449311256
15500,7,0.1,15,0.920456424673392,0.914808353551358,3125.79509305954
15500,8,0.1,15,0.922192822887382,0.918173784241781,3153.34719967842
15500,9,0.1,15,0.920208367785679,0.917431223943046,3174.73477172852
15500,10,0.1,15,0.91772779890855,0.914294690778408,3172.51321148872
15500,11,0.1,15,0.923350421696709,0.920685536340312,3233.56785058975
