"NumTrees","MinNode","Shrinkage","IntDepth","Accuracy","Acc.LCL","Time"
17500,5,0.1,15,0.923267736067471,0.917068980510397,3507.75423908234
17500,6,0.1,15,0.915908715065322,0.908144576292989,3539.86245727539
17500,7,0.1,15,0.919712254010253,0.909660623992071,3591.1313662529
17500,8,0.1,15,0.921448652224243,0.913269806130962,3844.18248963356
17500,9,0.1,15,0.921117909707293,0.91789367278543,3785.02914619446
17500,10,0.1,15,0.919712254010253,0.91732920403125,3957.0943133831
17500,11,0.1,15,0.924590706135274,0.920665272085835,3857.43064641953
