"NumTrees","MinNode","Shrinkage","IntDepth","Accuracy","Acc.LCL","Time"
16500,9,0.1,11,0.919712254010253,0.91689726810529,2582.4426510334
16500,10,0.1,11,0.920952538448818,0.919225280752793,2604.61073112488
16500,11,0.1,11,0.922027451628907,0.919843580191059,2656.50364661217
16500,12,0.1,11,0.914172316851331,0.911394232286629,2618.02532100677
16500,13,0.1,11,0.918802712088639,0.912634887722374,2606.97292256355
16500,14,0.1,11,0.919629568381015,0.914284762255662,2635.60301780701
16500,15,0.1,11,0.918306598313213,0.912395910418421,2584.5343735218
