"NumTrees","MinNode","Shrinkage","IntDepth","Accuracy","Acc.LCL","Time"
13000,10,0.1,13,0.919712254010253,0.91633916783759,2711.27584576607
13000,11,0.1,13,0.920787167190342,0.916881920480279,2716.43749380112
13000,12,0.1,13,0.920621795931867,0.916633234477138,2680.61365675926
13000,13,0.1,13,0.919794939639491,0.916297031340445,2757.90549302101
13000,14,0.1,13,0.918389283942451,0.917659713961532,2708.94081234932
13000,15,0.1,13,0.91946419712254,0.917063986179659,2604.57480764389
13500,5,0.1,13,0.920539110302629,0.917944169508738,2649.89587044716
