"NumTrees","MinNode","Shrinkage","IntDepth","Accuracy","Acc.LCL","Time"
19500,10,0.1,15,0.921779394741194,0.918577896794876,4353.59015655518
19500,11,0.1,15,0.917231685133124,0.914625245616315,4103.72691464424
19500,12,0.1,15,0.921117909707293,0.917249011324859,4079.83648443222
19500,13,0.1,15,0.920952538448818,0.91138868496426,3952.0792195797
19500,14,0.1,15,0.920952538448818,0.915954773849471,4176.68863272667
19500,15,0.1,15,0.919546882751778,0.913617572093866,4269.71761131287
20000,5,0.1,15,0.92227550851662,0.918275535428632,3896.81937074661
