"NumTrees","MinNode","Shrinkage","IntDepth","Accuracy","Acc.LCL","Time"
15000,7,0.1,11,0.919050768976352,0.918333741963737,2320.38321328163
15000,8,0.1,11,0.922440879775095,0.920905574106291,2367.21818470955
15000,9,0.1,11,0.917645113279312,0.915257821334722,2365.56664586067
15000,10,0.1,11,0.91913345460559,0.916286657267522,2368.64303684235
15000,11,0.1,11,0.91946419712254,0.915990619598804,2364.71509695053
15000,12,0.1,11,0.916570200099223,0.915423166361811,2368.87498807907
15000,13,0.1,11,0.917148999503886,0.91124870635635,2376.90764260292
