"NumTrees","MinNode","Shrinkage","IntDepth","Accuracy","Acc.LCL","Time"
500,9,0.01,15,0.855548205721846,0.849109477562226,113.193499803543
500,10,0.01,15,0.856871175789648,0.850435823470721,108.135105848312
500,11,0.01,15,0.854638663800232,0.848505585182843,108.209309577942
500,12,0.01,15,0.85645774764346,0.848036626658032,108.204371213913
500,13,0.01,15,0.857449975194311,0.845785114184577,116.192731142044
500,14,0.01,15,0.854142550024806,0.847268314916295,118.903432369232
500,15,0.01,15,0.853729121878617,0.843051720091146,111.217262268066
