"NumTrees","MinNode","Shrinkage","IntDepth","Accuracy","Acc.LCL","Time"
10500,5,0.01,15,0.917562427650074,0.9151297291605,2021.72915148735
10500,6,0.01,15,0.920539110302629,0.915061620221383,2019.34715104103
10500,7,0.01,15,0.918223912683976,0.909325827485195,2030.43984699249
10500,8,0.01,15,0.920291053414916,0.914299020276931,2035.89455032349
10500,9,0.01,15,0.92086985281958,0.918430426478519,2041.06281852722
10500,10,0.01,15,0.918141227054738,0.914076150336749,2053.09374284744
10500,11,0.01,15,0.91772779890855,0.909137761130361,2049.0297472477
