"NumTrees","MinNode","Shrinkage","IntDepth","Accuracy","Acc.LCL","Time"
13500,6,0.1,13,0.918389283942451,0.914961196855111,2805.43731856346
13500,7,0.1,13,0.919629568381015,0.917395471014958,2535.65984773636
13500,8,0.1,13,0.920291053414916,0.914946594188705,2582.01509618759
13500,9,0.1,13,0.920125682156441,0.919632850403037,2523.71466827393
13500,10,0.1,13,0.921944765999669,0.918909142797746,2555.82677316666
13500,11,0.1,13,0.918554655200926,0.914256640288502,2568.4960064888
13500,12,0.1,13,0.921944765999669,0.918136292603909,2672.17917490005
