"NumTrees","MinNode","Shrinkage","IntDepth","Accuracy","Acc.LCL","Time"
16500,10,0.1,13,0.917975855796263,0.912755899843002,3093.85737061501
16500,11,0.1,13,0.921200595336531,0.918853521565992,3101.52531027794
16500,12,0.1,13,0.918306598313213,0.912297145493931,3261.86974978447
16500,13,0.1,13,0.920621795931867,0.917040406281439,3302.84622168541
16500,14,0.1,13,0.91772779890855,0.915379591605732,3309.34491968155
16500,15,0.1,13,0.917479742020837,0.915103985482588,3244.98892498016
17000,5,0.1,13,0.920787167190342,0.912446678161992,3190.66326618195
