"NumTrees","MinNode","Shrinkage","IntDepth","Accuracy","Acc.LCL","Time"
1000,12,0.01,15,0.88060195138085,0.867671331474853,231.078790664673
1000,13,0.01,15,0.879775095088474,0.869711777129354,231.838153123856
