"NumTrees","MinNode","Shrinkage","IntDepth","Accuracy","Acc.LCL","Time"
17500,7,0.001,11,0.886307259798247,0.877968693253071,2919.75498461723
17500,8,0.001,11,0.885811146022821,0.878038465865644,3085.67991614342
17500,9,0.001,11,0.883661319662643,0.871498009325965,3067.2053937912
17500,10,0.001,11,0.881346122043989,0.872435924378942,3083.14185261726
17500,11,0.001,11,0.881759550190177,0.87216374199931,3083.5193810463
17500,12,0.001,11,0.885645774764346,0.87663064170079,2969.24648809433
17500,13,0.001,11,0.884157433438069,0.877538794637496,2876.27577733994
