"NumTrees","MinNode","Shrinkage","IntDepth","Accuracy","Acc.LCL","Time"
11500,11,0.01,15,0.921283280965768,0.918263609065791,2576.23440122604
11500,12,0.01,15,0.91913345460559,0.916634418543735,2556.69474744797
11500,13,0.01,15,0.920539110302629,0.916178994562037,2498.86019825935
11500,14,0.01,15,0.91665288572846,0.913695941466503,2510.85347247124
11500,15,0.01,15,0.920539110302629,0.919216379934249,2474.71751880646
12000,5,0.01,15,0.920621795931867,0.918865032224001,2362.06907701492
12000,6,0.01,15,0.919877625268728,0.915625690936142,2305.76281499863
