"NumTrees","MinNode","Shrinkage","IntDepth","Accuracy","Acc.LCL","Time"
16000,15,0.1,15,0.916074086323797,0.910307231574457,3404.59785985947
16500,5,0.1,15,0.922523565404333,0.920002743379635,3634.88988041878
16500,6,0.1,15,0.923019679179759,0.916701906582167,3652.50225043297
16500,7,0.1,15,0.921283280965768,0.916365265247985,3682.42253446579
16500,8,0.1,15,0.922110137258145,0.916658652882157,3668.51274943352
16500,9,0.1,15,0.923763849842897,0.922445632296093,3397.91188812256
16500,10,0.1,15,0.918223912683976,0.915120346635395,3239.08403754234
