"NumTrees","MinNode","Shrinkage","IntDepth","Accuracy","Acc.LCL","Time"
10500,12,0.01,15,0.920291053414916,0.914361605382374,2059.057741642
10500,13,0.01,15,0.9180585414255,0.911109524756294,2065.89718961716
10500,14,0.01,15,0.918637340830164,0.914848099870211,2108.89487314224
10500,15,0.01,15,0.91946419712254,0.913270372446176,2068.43541526794
11000,5,0.01,15,0.917397056391599,0.913703223263264,2109.49558138847
11000,6,0.01,15,0.9180585414255,0.914199605151179,2125.76250648499
11000,7,0.01,15,0.917314370762362,0.911734828805088,2124.63037800789
