"NumTrees","MinNode","Shrinkage","IntDepth","Accuracy","Acc.LCL","Time"
17000,5,0.1,11,0.919960310897966,0.912242868912431,2615.68241596222
17000,6,0.1,11,0.919381511493302,0.916132431593284,2663.9191737175
17000,7,0.1,11,0.919546882751778,0.919229071542524,2667.03043961525
17000,8,0.1,11,0.91632214321151,0.912749641406209,2665.38223218918
17000,9,0.1,11,0.920125682156441,0.916433865682305,2657.79837846756
17000,10,0.1,11,0.920621795931867,0.914165083909911,2682.24523186684
17000,11,0.1,11,0.920291053414916,0.917174288149408,2666.63388347626
