"NumTrees","MinNode","Shrinkage","IntDepth","Accuracy","Acc.LCL","Time"
12500,15,0.1,15,0.918306598313213,0.913368621039615,2795.74850726128
13000,5,0.1,15,0.920787167190342,0.918192186437989,2738.35180306435
13000,6,0.1,15,0.922936993550521,0.918369024255267,2624.78102064133
13000,7,0.1,15,0.919381511493302,0.91331657170261,2637.99532628059
13000,8,0.1,15,0.917810484537787,0.916203434625042,2632.63547873497
13000,9,0.1,15,0.921862080370432,0.920458392162579,2665.5435795784
13000,10,0.1,15,0.921779394741194,0.917794109929653,2677.40045785904
