"NumTrees","MinNode","Shrinkage","IntDepth","Accuracy","Acc.LCL","Time"
16000,5,0.001,11,0.882751777741029,0.876894931939195,2565.18376469612
16000,6,0.001,11,0.881015379527038,0.874953358870359,2573.63883137703
16000,7,0.001,11,0.883082520257979,0.876823581387181,2578.52685689926
16000,8,0.001,11,0.883165205887217,0.881188377405936,2560.38630056381
16000,9,0.001,11,0.880023151976187,0.873571281982913,2573.55139803886
16000,10,0.001,11,0.883165205887217,0.877096045558957,2592.40131187439
16000,11,0.001,11,0.882669092111791,0.874852068416107,2655.82804465294
