"NumTrees","MinNode","Shrinkage","IntDepth","Accuracy","Acc.LCL","Time"
15500,10,0.001,13,0.887216801719861,0.880151819596921,17854.6867353916
15500,11,0.001,13,0.885645774764346,0.876998049614168,17887.4055998325
15500,12,0.001,13,0.887051430461386,0.879816660912198,18162.1320171356
15500,13,0.001,13,0.889614684967753,0.88490924269505,18069.466645956
15500,14,0.001,13,0.888953199933851,0.885658696043477,17942.3114624023
15500,15,0.001,13,0.887464858607574,0.885648545615834,17926.257730484
16000,5,0.001,13,0.889118571192327,0.884699618135502,18414.2209477425
