"NumTrees","MinNode","Shrinkage","IntDepth","Accuracy","Acc.LCL","Time"
17500,12,0.1,15,0.919298825864065,0.916534751009282,3720.32451105118
17500,13,0.1,15,0.917231685133124,0.915368419733499,3680.00301265717
17500,14,0.1,15,0.922027451628907,0.914970310808006,3673.94724035263
17500,15,0.1,15,0.918885397717877,0.915488611362984,3607.76864433289
18000,5,0.1,15,0.925996361832314,0.923883147537117,3588.326410532
18000,6,0.1,15,0.920787167190342,0.913577060789259,3916.69475769997
18000,7,0.1,15,0.920456424673392,0.917838874604501,3752.54816842079
