"NumTrees","MinNode","Shrinkage","IntDepth","Accuracy","Acc.LCL","Time"
18500,7,0.001,13,0.891020340664792,0.887025172560689,21291.7672748566
18500,8,0.001,13,0.892674053249545,0.885903148785148,21078.3444013596
