"NumTrees","MinNode","Shrinkage","IntDepth","Accuracy","Acc.LCL","Time"
18500,6,0.001,11,0.887960972383,0.88203917107087,3079.7164413929
18500,7,0.001,11,0.889531999338515,0.882062400529261,3235.61099171638
18500,8,0.001,11,0.890110798743178,0.886149178382704,3225.79648160934
18500,9,0.001,11,0.887547544236812,0.883521490464597,3238.79581475258
18500,10,0.001,11,0.888043658012238,0.88367328911955,3241.19888973236
18500,11,0.001,11,0.886720687944435,0.882628155593644,3082.35447764397
18500,12,0.001,11,0.886389945427485,0.87493960660202,2972.87778687477
