"NumTrees","MinNode","Shrinkage","IntDepth","Accuracy","Acc.LCL","Time"
18500,11,0.1,15,0.918968083347114,0.912284438723364,3925.89279270172
18500,12,0.1,15,0.919050768976352,0.910187460956286,4037.43124294281
18500,13,0.1,15,0.920125682156441,0.91458703218321,3899.39855360985
18500,14,0.1,15,0.920208367785679,0.916198209143214,3827.7140185833
18500,15,0.1,15,0.918968083347114,0.909921397149009,3903.1988222599
19000,5,0.1,15,0.919877625268728,0.91521405502511,3844.82155871391
19000,6,0.1,15,0.918554655200926,0.913343515972104,3702.62345910072
