"NumTrees","MinNode","Shrinkage","IntDepth","Accuracy","Acc.LCL","Time"
15000,15,0.1,13,0.918968083347114,0.909238209041009,3186.3022711277
15500,5,0.1,13,0.919960310897966,0.916426380807765,2894.23254227638
15500,6,0.1,13,0.918471969571688,0.915244444838218,2874.26634931564
15500,7,0.1,13,0.921117909707293,0.916053909249343,2892.53262543678
15500,8,0.1,13,0.921283280965768,0.914152823237188,2877.26180195808
15500,9,0.1,13,0.917810484537787,0.913506103789593,3010.86256051064
15500,10,0.1,13,0.919794939639491,0.913851663913161,2797.98853421211
