"NumTrees","MinNode","Shrinkage","IntDepth","Accuracy","Acc.LCL","Time"
15500,11,0.1,13,0.918968083347114,0.91299852925551,3253.01046276093
15500,12,0.1,13,0.918968083347114,0.917111868442359,3009.26612710953
15500,13,0.1,13,0.921944765999669,0.918681120411042,2941.19688677788
15500,14,0.1,13,0.918471969571688,0.914849567253751,2941.41955089569
15500,15,0.1,13,0.917148999503886,0.912447723574813,2933.7070441246
16000,5,0.1,13,0.920539110302629,0.912832903591693,3050.88468647003
16000,6,0.1,13,0.9180585414255,0.91411348428172,2832.54883694649
