"NumTrees","MinNode","Shrinkage","IntDepth","Accuracy","Acc.LCL","Time"
16000,6,0.1,11,0.920208367785679,0.91643376959707,2490.4332048893
16000,7,0.1,11,0.919794939639491,0.915808898287049,2536.05139446259
16000,8,0.1,11,0.92260625103357,0.917699700258445,2586.05478358269
16000,9,0.1,11,0.91946419712254,0.910305327048441,2527.39073801041
16000,10,0.1,11,0.917066313874649,0.910314637023598,2534.78854608536
16000,11,0.1,11,0.92086985281958,0.918108469002893,2552.35898137093
16000,12,0.1,11,0.915908715065322,0.908421846548766,2460.32027173042
