"NumTrees","MinNode","Shrinkage","IntDepth","Accuracy","Acc.LCL","Time"
14000,9,0.1,13,0.918637340830164,0.914852352341291,2937.44583773613
14000,10,0.1,13,0.919794939639491,0.91505818005694,2638.31279015541
14000,11,0.1,13,0.920042996527204,0.915863944369382,2701.29371118546
14000,12,0.1,13,0.915247230031421,0.908041145988392,2640.59772253036
14000,13,0.1,13,0.920952538448818,0.919824440967756,2648.53476047516
14000,14,0.1,13,0.918720026459401,0.907825242855853,2731.60007619858
14000,15,0.1,13,0.920042996527204,0.917779811946106,2712.61037540436
