"NumTrees","MinNode","Shrinkage","IntDepth","Accuracy","Acc.LCL","Time"
18000,10,0.001,11,0.885893831652059,0.880639717659545,2874.6073384285
18000,11,0.001,11,0.882586406482553,0.870577756009935,2896.01599192619
18000,12,0.001,11,0.885232346618158,0.872014562675349,2887.41583299637
18000,13,0.001,11,0.885976517281297,0.881007353544428,2879.00139141083
18000,14,0.001,11,0.886307259798247,0.881841399738183,2898.87557792664
18000,15,0.001,11,0.884736232842732,0.878531853083201,2990.68562722206
18500,5,0.001,11,0.884488175955019,0.880890706532485,2902.43030190468
