"NumTrees","MinNode","Shrinkage","IntDepth","Accuracy","Acc.LCL","Time"
14500,13,0.1,15,0.917645113279312,0.912389587280593,3320.98619127274
14500,14,0.1,15,0.919877625268728,0.917631778598342,3511.03756380081
14500,15,0.1,15,0.920539110302629,0.919392674843889,3449.84321141243
15000,5,0.1,15,0.920125682156441,0.91669787553163,3419.55826258659
15000,6,0.1,15,0.923102364808996,0.917212049524016,3724.29940724373
15000,7,0.1,15,0.920704481561105,0.913697142607576,3452.04707407951
15000,8,0.1,15,0.922688936662808,0.918222994113509,3300.26340532303
