"NumTrees","MinNode","Shrinkage","IntDepth","Accuracy","Acc.LCL","Time"
15000,8,0.1,13,0.921614023482719,0.919131846827645,3056.33418035507
15000,9,0.1,13,0.918802712088639,0.912310079139666,3124.30540657043
15000,10,0.1,13,0.921448652224243,0.916405228365819,3097.30961966515
15000,11,0.1,13,0.920373739044154,0.914613144131099,3169.67972397804
15000,12,0.1,13,0.92260625103357,0.920373898244572,3021.4870467186
15000,13,0.1,13,0.920621795931867,0.918769169928604,3004.76585507393
15000,14,0.1,13,0.921365966595006,0.918419333951565,2827.62591290474
