"NumTrees","MinNode","Shrinkage","IntDepth","Accuracy","Acc.LCL","Time"
13500,7,0.1,15,0.921614023482719,0.917414957552155,2789.83544492722
13500,8,0.1,15,0.917645113279312,0.913007460169267,2847.98385620117
13500,9,0.1,15,0.919050768976352,0.915466608071302,2755.55850434303
13500,10,0.1,15,0.919050768976352,0.912759514160052,2777.2704398632
13500,11,0.1,15,0.919546882751778,0.914177334001888,2765.81325984001
13500,12,0.1,15,0.919381511493302,0.913766975084402,3033.77963209152
13500,13,0.1,15,0.921448652224243,0.917524603304797,2861.6383638382
