"NumTrees","MinNode","Shrinkage","IntDepth","Accuracy","Acc.LCL","Time"
16000,8,0.1,15,0.922523565404333,0.921151608492463,3484.24339580536
16000,9,0.1,15,0.919298825864065,0.916032378424288,3548.55210995674
16000,10,0.1,15,0.91632214321151,0.909733788982976,3589.0750310421
16000,11,0.1,15,0.921531337853481,0.919190308227396,3591.79193210602
16000,12,0.1,15,0.920952538448818,0.917020264207904,3561.58940458298
16000,13,0.1,15,0.919298825864065,0.913404004568365,3376.22097158432
16000,14,0.1,15,0.921117909707293,0.915686611175808,3169.99760913849
