"NumTrees","MinNode","Shrinkage","IntDepth","Accuracy","Acc.LCL","Time"
16000,12,0.001,11,0.884405490325781,0.878150426174049,2873.74741268158
16000,13,0.001,11,0.88200760707789,0.873029037931185,2912.65709161758
16000,14,0.001,11,0.881346122043989,0.872904334212243,2819.63231801987
16000,15,0.001,11,0.880850008268563,0.877514836293069,2781.52002763748
16500,5,0.001,11,0.883909376550356,0.878010032194294,2904.77917432785
16500,6,0.001,11,0.886224574169009,0.876518379392118,2849.5866920948
16500,7,0.001,11,0.884240119067306,0.880838971160087,2810.68284964561
