"Cost","Gamma","Accuracy","AccLCL","Time"
-10,-25,49.3467835290227,49.0174371274511,71.3213775157928
-10,-24,49.4790805358029,49.1344308749469,73.3676226139069
-10,-23,49.6196461055069,49.4250889088015,73.6622540950775
